{
    "DEBUG": true,
    "Name": "OPTIMIZATION-v1",
    "Description": "This is the new description",
    "OptimizationMethod": [
        "HEURISTIC-M01",
        "Heuristic method NEW",
        "Heuristic"
    ],
    "StopConditionList": [
        {
            "DEBUG": true,
            "Name": "S-1-TEST",
            "Description": "Stop criterion 1 NEW",
            "Value": 1.0,
            "StopCriteria": "maxTime"
        },
        {
            "DEBUG": true,
            "Name": "S-2-TEST",
            "Description": "Stop criterion 2 NEW",
            "Value": 100.0,
            "StopCriteria": "maxDepth"
        }
    ],
    "MethodPerformance": [],
    "RAWResults": [],
    "interpretedResults": [],
    "parameterList": [
        {
            "DEBUG": true,
            "Name": "Mass_var",
            "Description": "Total mass variable",
            "InitialValue": 10.0,
            "MinValue": 10.0,
            "MaxValue": 100.0,
            "Optimum": 55.0,
            "Resolution": 0.1,
            "parameterList": [
                {
                    "DEBUG": true,
                    "Name": "Mass",
                    "Description": "Total mass parameter",
                    "Key": "MASS",
                    "GUID": null,
                    "Value": 55.0,
                    "StopCriteria": "maxDepth=0"
                }
            ]
        }
    ],
    "ObjectiveList": [
        {
            "DEBUG": true,
            "Name": "MIN-MASS-TEST",
            "Description": "Minimize the total mass NEW",
            "ObjectiveOption": [
                "Mass_var",
                "Total mass variable",
                81.0
            ]
        }
    ],
    "ConstraintList": [
        {
            "DEBUG": true,
            "Name": "CONSTRAINT1-TEST",
            "Description": "Constraint1 NEW",
            "Expression": [
                [
                    "LEFT",
                    "Mass_var",
                    "Total mass variable",
                    81.0
                ],
                [
                    "RIGHT",
                    85.0
                ],
                "<"
            ]
        }
    ]
}